{
  "images" : [
    {
      "filename" : "cute-cartoon-girl-is-looking-her-mobile-phone-enjoys-lot-likes-social-networks_501069-882.png",
      "idiom" : "universal",
      "scale" : "1x"
    },
    {
      "filename" : "cute-cartoon-girl-is-looking-her-mobile-phone-enjoys-lot-likes-social-networks_501069-883.png",
      "idiom" : "universal",
      "scale" : "2x"
    },
    {
      "filename" : "cute-cartoon-girl-is-looking-her-mobile-phone-enjoys-lot-likes-social-networks_501069-884.png",
      "idiom" : "universal",
      "scale" : "3x"
    }
  ],
  "info" : {
    "author" : "xcode",
    "version" : 1
  }
}
